name,ops,ns_per_op
Slice-24,20768430,56.220000
Map-24,100000000,10.900000
